Start autogen for function:#MKAverage(int,int)#Source code file:#D:\Projects\AKAUT\prj-data\amanv8060_Leetcode-Questions\solutions\p7\1825.cpp#at time: #2025-02-13 09:30:37#
Start autogen for function:#addElement(int)#Source code file:#D:\Projects\AKAUT\prj-data\amanv8060_Leetcode-Questions\solutions\p7\1825.cpp#at time: #2025-02-13 09:30:37#
End autogen for function:#addElement(int)#at time: #2025-02-13 09:31:50#
End autogen for function:#MKAverage(int,int)#at time: #2025-02-13 09:31:50#
Start autogen for function:#calculateMKAverage()#Source code file:#D:\Projects\AKAUT\prj-data\amanv8060_Leetcode-Questions\solutions\p7\1825.cpp#at time: #2025-02-13 09:31:50#
Start autogen for function:#minOperations(string)#Source code file:#D:\Projects\AKAUT\prj-data\amanv8060_Leetcode-Questions\solutions\p7\1758.cpp#at time: #2025-02-13 09:31:50#
End autogen for function:#calculateMKAverage()#at time: #2025-02-13 09:33:03#
Start autogen for function:#arrayStringsAreEqual(vector<string>&,vector<string>&)#Source code file:#D:\Projects\AKAUT\prj-data\amanv8060_Leetcode-Questions\solutions\p7\1662.cpp#at time: #2025-02-13 09:33:03#
End autogen for function:#minOperations(string)#at time: #2025-02-13 09:33:09#
Start autogen for function:#minOperations(vector<string>&)#Source code file:#D:\Projects\AKAUT\prj-data\amanv8060_Leetcode-Questions\solutions\p7\1598.cpp#at time: #2025-02-13 09:33:09#
End autogen for function:#arrayStringsAreEqual(vector<string>&,vector<string>&)#at time: #2025-02-13 09:34:25#
Start autogen for function:#buildArray(vector<int>&,int)#Source code file:#D:\Projects\AKAUT\prj-data\amanv8060_Leetcode-Questions\solutions\p7\1441.cpp#at time: #2025-02-13 09:34:25#
End autogen for function:#minOperations(vector<string>&)#at time: #2025-02-13 09:34:30#
Start autogen for function:#MKAverage(int,int)#Source code file:#D:\Projects\AKAUT\prj-data\amanv8060_Leetcode-Questions\solutions\p7\1825.cpp#at time: #2025-02-13 09:34:42#
End autogen for function:#buildArray(vector<int>&,int)#at time: #2025-02-13 09:35:47#
Start autogen for function:#addElement(int)#Source code file:#D:\Projects\AKAUT\prj-data\amanv8060_Leetcode-Questions\solutions\p7\1825.cpp#at time: #2025-02-13 09:35:47#
End autogen for function:#MKAverage(int,int)#at time: #2025-02-13 09:36:01#
Start autogen for function:#calculateMKAverage()#Source code file:#D:\Projects\AKAUT\prj-data\amanv8060_Leetcode-Questions\solutions\p7\1825.cpp#at time: #2025-02-13 09:36:01#
End autogen for function:#addElement(int)#at time: #2025-02-13 09:37:02#
End autogen for function:#calculateMKAverage()#at time: #2025-02-13 09:37:15#
