Start autogen for function:#solver(vector<vector<int>>&,int,int,vector<long long>&)#Source code file:#D:\Projects\AKAUT\prj-data\amanv8060_Leetcode-Questions\solutions\p12\2008.cpp#at time: #2025-02-13 14:16:38#
Start autogen for function:#maxTaxiEarnings(int,vector<vector<int>>&)#Source code file:#D:\Projects\AKAUT\prj-data\amanv8060_Leetcode-Questions\solutions\p12\2008.cpp#at time: #2025-02-13 14:16:38#
End autogen for function:#maxTaxiEarnings(int,vector<vector<int>>&)#at time: #2025-02-13 14:18:28#
Start autogen for function:#akaLambdaFunction563(vector<int>const&,int const)#Source code file:#D:\Projects\AKAUT\prj-data\amanv8060_Leetcode-Questions\solutions\p12\2008.cpp#at time: #2025-02-13 14:18:28#
End autogen for function:#solver(vector<vector<int>>&,int,int,vector<long long>&)#at time: #2025-02-13 14:18:49#
Start autogen for function:#akaLambdaFunction1018(vector<int>const&,vector<int>const&)#Source code file:#D:\Projects\AKAUT\prj-data\amanv8060_Leetcode-Questions\solutions\p12\2008.cpp#at time: #2025-02-13 14:18:49#
End autogen for function:#akaLambdaFunction563(vector<int>const&,int const)#at time: #2025-02-13 14:20:11#
Start autogen for function:#finalValueAfterOperations(vector<string>&)#Source code file:#D:\Projects\AKAUT\prj-data\amanv8060_Leetcode-Questions\solutions\p12\2011.cpp#at time: #2025-02-13 14:20:11#
End autogen for function:#akaLambdaFunction1018(vector<int>const&,vector<int>const&)#at time: #2025-02-13 14:20:34#
Start autogen for function:#sumOfBeauties(vector<int>&)#Source code file:#D:\Projects\AKAUT\prj-data\amanv8060_Leetcode-Questions\solutions\p12\2012.cpp#at time: #2025-02-13 14:20:34#
End autogen for function:#finalValueAfterOperations(vector<string>&)#at time: #2025-02-13 14:22:07#
Start autogen for function:#DetectSquares()#Source code file:#D:\Projects\AKAUT\prj-data\amanv8060_Leetcode-Questions\solutions\p12\2013.cpp#at time: #2025-02-13 14:22:07#
End autogen for function:#sumOfBeauties(vector<int>&)#at time: #2025-02-13 14:22:55#
Start autogen for function:#add(vector<int>)#Source code file:#D:\Projects\AKAUT\prj-data\amanv8060_Leetcode-Questions\solutions\p12\2013.cpp#at time: #2025-02-13 14:22:55#
